artist,song_name,genre,fundamental_freq,freq_e_1,freq_e_2,freq_e_3,key,duration,zero_crossing_rate,mfcc_mean,mfcc_std,tempo,rms_energy,artist_enc,song_name_enc,genre_enc,key_enc,grey_png
AC/DC,Back In Black,Hard Rock,103.1297801,51133292.0,47774508.0,34309084.0,E,253.86,0.102981387,2.187186718,54.62176132,93.96306818,0.181688204,45,181,9,4,C:\Users\Mr_Green\OneDrive\Desktop\0_Sum_25\INFO_523\0_Final_Proj_N\wav_files\_wav_grey_mel\AC_DC_Back In Black_gray.png
AC/DC,Highway to Hell,Hard Rock,134.3366805,25148342.0,22502282.0,18190884.0,G#,207.06,0.09086346,1.174704671,57.80268478,114.84375,0.173993886,45,180,9,9,C:\Users\Mr_Green\OneDrive\Desktop\0_Sum_25\INFO_523\0_Final_Proj_N\wav_files\_wav_grey_mel\AC_DC_Highway to Hell_gray.png
AC/DC,Thunderstruck,Hard Rock,118.6251844,118558984.0,78184456.0,64474420.0,B,292.94,0.088295307,6.726895809,48.7127533,132.5120192,0.207881033,45,184,9,2,C:\Users\Mr_Green\OneDrive\Desktop\0_Sum_25\INFO_523\0_Final_Proj_N\wav_files\_wav_grey_mel\AC_DC_Thunderstruck_gray.png
AC/DC,You Shook Me All Night Long,Hard Rock,121.1822008,67231432.0,41012268.0,23928542.0,D,208.06,0.09962921,4.342265606,49.04414749,129.1992188,0.193273365,45,182,9,0,C:\Users\Mr_Green\OneDrive\Desktop\0_Sum_25\INFO_523\0_Final_Proj_N\wav_files\_wav_grey_mel\AC_DC_You Shook Me All Night Long_gray.png
Adele,Easy on Me,Pop,129.7364461,87335288.0,81779504.0,76935648.0,F,225.7,0.03820436,2.151135683,72.90788269,143.5546875,0.211765155,4,13,0,5,C:\Users\Mr_Green\OneDrive\Desktop\0_Sum_25\INFO_523\0_Final_Proj_N\wav_files\_wav_grey_mel\Adele_Easy on Me_gray.png
Adele,Hello,Pop,125.1633066,97515040.0,86164744.0,74863200.0,G#,366.86,0.042996673,-0.214265689,81.61715698,156.6051136,0.185486466,4,20,0,9,C:\Users\Mr_Green\OneDrive\Desktop\0_Sum_25\INFO_523\0_Final_Proj_N\wav_files\_wav_grey_mel\Adele_Hello_gray.png
Adele,Rolling in the Deep,Pop,166.8310197,27822364.0,13222402.0,12658445.0,G,233.9,0.051214516,-1.778827906,77.13275909,105.46875,0.092186943,4,17,0,1,C:\Users\Mr_Green\OneDrive\Desktop\0_Sum_25\INFO_523\0_Final_Proj_N\wav_files\_wav_grey_mel\Adele_Rolling in the Deep_gray.png
Adele,Someone Like You,Pop,145.1190534,39760800.0,30102380.0,29299000.0,A,284.94,0.045552723,-4.820614815,76.39929962,135.9991776,0.159008816,4,18,0,3,C:\Users\Mr_Green\OneDrive\Desktop\0_Sum_25\INFO_523\0_Final_Proj_N\wav_files\_wav_grey_mel\Adele_Someone Like You_gray.png
Aerosmith,Crazy,Hard Rock,87.17077644,132169096.0,112240624.0,89336688.0,A,373.2,0.077311638,6.443183899,54.85825729,161.4990234,0.189728275,48,199,9,3,C:\Users\Mr_Green\OneDrive\Desktop\0_Sum_25\INFO_523\0_Final_Proj_N\wav_files\_wav_grey_mel\Aerosmith_Crazy_gray.png
Aerosmith,Dream On,Hard Rock,100.0197313,20519604.0,20083894.0,16193360.0,F,268.22,0.057065692,-2.168643475,79.67222595,78.30255682,0.103238426,48,193,9,5,C:\Users\Mr_Green\OneDrive\Desktop\0_Sum_25\INFO_523\0_Final_Proj_N\wav_files\_wav_grey_mel\Aerosmith_Dream On_gray.png
Aerosmith,I Don't Want to Miss a Thing,Hard Rock,110.6957769,48706848.0,37563932.0,32823524.0,E,292.7799773,0.064170182,5.385761738,59.20598984,123.046875,0.190790623,48,197,9,4,C:\Users\Mr_Green\OneDrive\Desktop\0_Sum_25\INFO_523\0_Final_Proj_N\wav_files\_wav_grey_mel\Aerosmith_I Don_t Want to Miss a Thing_gray.png
Aerosmith,Walk This Way,Hard Rock,102.2282323,20618566.0,18862526.0,18143208.0,E,221.38,0.067817552,3.02203536,69.25930786,109.9567819,0.12353006,48,192,9,4,C:\Users\Mr_Green\OneDrive\Desktop\0_Sum_25\INFO_523\0_Final_Proj_N\wav_files\_wav_grey_mel\Aerosmith_Walk This Way_gray.png
Anuel AA,Bebe,Reggaeton,134.987188,110555032.0,77342920.0,31378430.0,E,231.62,0.043249883,-2.979282618,75.06978607,84.72079918,0.155073345,42,170,8,4,C:\Users\Mr_Green\OneDrive\Desktop\0_Sum_25\INFO_523\0_Final_Proj_N\wav_files\_wav_grey_mel\Anuel AA_Bebe_gray.png
Anuel AA,China,Reggaeton,139.1626086,457697664.0,444303488.0,289568064.0,A,301.92,0.042819652,2.684950829,59.61828232,139.6748311,0.308637738,42,167,8,3,C:\Users\Mr_Green\OneDrive\Desktop\0_Sum_25\INFO_523\0_Final_Proj_N\wav_files\_wav_grey_mel\Anuel AA_China_gray.png
Anuel AA,Ella Quiere Beber,Reggaeton,102.9449128,165015760.0,135686320.0,87342144.0,D#,224.68,0.035128017,5.832537174,67.88767242,126.0480183,0.24961561,42,171,8,11,C:\Users\Mr_Green\OneDrive\Desktop\0_Sum_25\INFO_523\0_Final_Proj_N\wav_files\_wav_grey_mel\Anuel AA_Ella Quiere Beber_gray.png
Anuel AA,Secreto,Reggaeton,158.2442502,133909136.0,117274368.0,108408680.0,G#,257.16,0.044075837,0.88293767,62.8609314,123.046875,0.275111675,42,166,8,9,C:\Users\Mr_Green\OneDrive\Desktop\0_Sum_25\INFO_523\0_Final_Proj_N\wav_files\_wav_grey_mel\Anuel AA_Secreto_gray.png
Ari Lennox,BMO,R&B/Soul,147.9920904,117433856.0,98116848.0,52263480.0,C#,152.34,0.058427715,-1.003128767,71.83562469,105.46875,0.218946978,33,130,6,10,C:\Users\Mr_Green\OneDrive\Desktop\0_Sum_25\INFO_523\0_Final_Proj_N\wav_files\_wav_grey_mel\Ari Lennox_BMO_gray.png
Ari Lennox,Pressure,R&B/Soul,153.9005663,172249664.0,167834336.0,92817192.0,G,186.38,0.058680889,4.845324516,58.89769363,143.5546875,0.25690192,33,132,6,1,C:\Users\Mr_Green\OneDrive\Desktop\0_Sum_25\INFO_523\0_Final_Proj_N\wav_files\_wav_grey_mel\Ari Lennox_Pressure_gray.png
Ari Lennox,Shea Butter Baby,R&B/Soul,168.169416,269311712.0,226244368.0,144828000.0,E,224.3,0.03893257,-0.260405004,75.36825562,103.359375,0.239464909,33,133,6,4,C:\Users\Mr_Green\OneDrive\Desktop\0_Sum_25\INFO_523\0_Final_Proj_N\wav_files\_wav_grey_mel\Ari Lennox_Shea Butter Baby_gray.png
Ari Lennox,Whipped Cream,R&B/Soul,114.5121577,347045440.0,223126720.0,119073552.0,G#,324.64,0.038291427,0.13523218,75.1894989,84.72079918,0.181137741,33,139,6,9,C:\Users\Mr_Green\OneDrive\Desktop\0_Sum_25\INFO_523\0_Final_Proj_N\wav_files\_wav_grey_mel\Ari Lennox_Whipped Cream_gray.png
BLACKPINK,DDU-DU DDU-DU,K-Pop,284.4169878,292645792.0,134155472.0,76210328.0,E,213.82,0.095472439,-0.116880871,50.38393021,139.6748311,0.250505865,36,143,7,4,C:\Users\Mr_Green\OneDrive\Desktop\0_Sum_25\INFO_523\0_Final_Proj_N\wav_files\_wav_grey_mel\BLACKPINK_DDU-DU DDU-DU_gray.png
BLACKPINK,How You Like That,K-Pop,128.4572353,358745280.0,136749968.0,124317928.0,D#,177.34,0.058228218,4.579009056,57.04365921,129.1992188,0.268896222,36,140,7,11,C:\Users\Mr_Green\OneDrive\Desktop\0_Sum_25\INFO_523\0_Final_Proj_N\wav_files\_wav_grey_mel\BLACKPINK_How You Like That_gray.png
BLACKPINK,Kill This Love,K-Pop,153.8740211,92677400.0,65642376.0,44682244.0,D,189.1399773,0.111393611,-1.850144386,48.34257126,132.5120192,0.214882031,36,144,7,0,C:\Users\Mr_Green\OneDrive\Desktop\0_Sum_25\INFO_523\0_Final_Proj_N\wav_files\_wav_grey_mel\BLACKPINK_Kill This Love_gray.png
BLACKPINK,Lovesick Girls,K-Pop,173.4983188,262435264.0,159394624.0,144026992.0,F#,197.92,0.075004588,4.091090202,56.2906456,129.1992188,0.265864044,36,145,7,7,C:\Users\Mr_Green\OneDrive\Desktop\0_Sum_25\INFO_523\0_Final_Proj_N\wav_files\_wav_grey_mel\BLACKPINK_Lovesick Girls_gray.png
BTS,Boy With Luv,K-Pop,67.66411825,141194400.0,79656360.0,52275300.0,A,230.42,0.075848896,5.323709965,58.63605499,120.1853198,0.151017264,35,141,7,3,C:\Users\Mr_Green\OneDrive\Desktop\0_Sum_25\INFO_523\0_Final_Proj_N\wav_files\_wav_grey_mel\BTS_Boy With Luv_gray.png
BTS,Butter,K-Pop,127.7329054,233294800.0,233264000.0,129733192.0,G#,176.0799773,0.065631477,3.487713337,60.80566788,109.9567819,0.275483966,35,137,7,9,C:\Users\Mr_Green\OneDrive\Desktop\0_Sum_25\INFO_523\0_Final_Proj_N\wav_files\_wav_grey_mel\BTS_Butter_gray.png
BTS,Dynamite,K-Pop,117.9850603,327126624.0,230921792.0,188575504.0,F#,198.32,0.063713843,8.362062454,50.82620621,114.84375,0.302237183,35,138,7,7,C:\Users\Mr_Green\OneDrive\Desktop\0_Sum_25\INFO_523\0_Final_Proj_N\wav_files\_wav_grey_mel\BTS_Dynamite_gray.png
BTS,Fake Love,K-Pop,172.4929958,416547104.0,246839616.0,184703856.0,D,242.36,0.104968587,6.186511517,44.6060524,156.6051136,0.275982976,35,142,7,0,C:\Users\Mr_Green\OneDrive\Desktop\0_Sum_25\INFO_523\0_Final_Proj_N\wav_files\_wav_grey_mel\BTS_Fake Love_gray.png
Bad Bunny,MIA,Latin,224.1912468,527663648.0,479849472.0,194229664.0,A,210.7,0.032233719,6.440607548,64.25704956,129.1992188,0.312443972,25,98,5,3,C:\Users\Mr_Green\OneDrive\Desktop\0_Sum_25\INFO_523\0_Final_Proj_N\wav_files\_wav_grey_mel\Bad Bunny_MIA_gray.png
Bad Bunny,Safaera,Latin,122.2045438,824100672.0,581314112.0,187313376.0,F,295.24,0.050982092,6.059041977,57.06266785,95.703125,0.340505123,25,105,5,5,C:\Users\Mr_Green\OneDrive\Desktop\0_Sum_25\INFO_523\0_Final_Proj_N\wav_files\_wav_grey_mel\Bad Bunny_Safaera_gray.png
Bad Bunny,Titi Me Pregunto,Latin,234.4129171,158258736.0,90012760.0,49953244.0,F,290.06,0.045692095,-3.08057189,79.72249603,109.9567819,0.137770846,25,102,5,5,C:\Users\Mr_Green\OneDrive\Desktop\0_Sum_25\INFO_523\0_Final_Proj_N\wav_files\_wav_grey_mel\Bad Bunny_Titi Me Pregunto_gray.png
Bad Bunny,Vete,Latin,102.419313,143664384.0,113559752.0,83292456.0,A#,207.28,0.049805043,2.928164721,68.66992188,92.28515625,0.225481167,25,99,5,6,C:\Users\Mr_Green\OneDrive\Desktop\0_Sum_25\INFO_523\0_Final_Proj_N\wav_files\_wav_grey_mel\Bad Bunny_Vete_gray.png
Billie Eilish,Everything I Wanted,Pop,113.6851197,469680576.0,237979440.0,170345200.0,D,287.56,0.01406086,-1.825708747,96.81900024,60.09265988,0.215404049,1,8,0,0,C:\Users\Mr_Green\OneDrive\Desktop\0_Sum_25\INFO_523\0_Final_Proj_N\wav_files\_wav_grey_mel\Billie Eilish_Everything I Wanted_gray.png
Billie Eilish,No Time To Die,Pop,121.4930088,77992352.0,60562580.0,51790980.0,E,239.3,0.023936276,0.405535549,90.04932404,90.66611842,0.163726807,1,6,0,4,C:\Users\Mr_Green\OneDrive\Desktop\0_Sum_25\INFO_523\0_Final_Proj_N\wav_files\_wav_grey_mel\Billie Eilish_No Time To Die_gray.png
Billie Eilish,Therefore I Am,Pop,92.65044092,286333216.0,255237792.0,90652816.0,F,298.8999773,0.034828567,-4.536101818,84.27940369,93.96306818,0.150478229,1,9,0,5,C:\Users\Mr_Green\OneDrive\Desktop\0_Sum_25\INFO_523\0_Final_Proj_N\wav_files\_wav_grey_mel\Billie Eilish_Therefore I Am_gray.png
Billie Eilish,bad guy,Pop,82.38655158,108845888.0,94205616.0,72163952.0,G,205.94,0.040964812,-4.366416454,99.98413849,135.9991776,0.144995272,1,1,0,1,C:\Users\Mr_Green\OneDrive\Desktop\0_Sum_25\INFO_523\0_Final_Proj_N\wav_files\_wav_grey_mel\Billie Eilish_bad guy_gray.png
Calvin Harris,Feel So Close,EDM,166.0868864,16713316.0,16169764.0,4845320.0,G,246.26,0.073962501,-4.81492281,80.84165192,63.80208333,0.07099428,20,83,4,1,C:\Users\Mr_Green\OneDrive\Desktop\0_Sum_25\INFO_523\0_Final_Proj_N\wav_files\_wav_grey_mel\Calvin Harris_Feel So Close_gray.png
Calvin Harris,One Kiss,EDM,125.4866987,137338816.0,96852880.0,54447856.0,A,223.1,0.070726181,2.578265905,64.80586243,123.046875,0.181324184,20,81,4,3,C:\Users\Mr_Green\OneDrive\Desktop\0_Sum_25\INFO_523\0_Final_Proj_N\wav_files\_wav_grey_mel\Calvin Harris_One Kiss_gray.png
Calvin Harris,Summer,EDM,91.51656735,166300448.0,123624016.0,62723936.0,G,233.92,0.064630417,6.084544659,52.53434372,129.1992188,0.263489723,20,78,4,1,C:\Users\Mr_Green\OneDrive\Desktop\0_Sum_25\INFO_523\0_Final_Proj_N\wav_files\_wav_grey_mel\Calvin Harris_Summer_gray.png
Calvin Harris,This Is What You Came For,EDM,149.0685307,187142112.0,166689248.0,63477100.0,A,239.08,0.064657514,3.19307375,55.69617081,123.046875,0.263093323,20,82,4,3,C:\Users\Mr_Green\OneDrive\Desktop\0_Sum_25\INFO_523\0_Final_Proj_N\wav_files\_wav_grey_mel\Calvin Harris_This Is What You Came For_gray.png
Chris Stapleton,Broken Halos,Country,88.33181354,73722576.0,73567056.0,69561672.0,G#,180.9199773,0.051209248,4.515888691,64.90818787,156.6051136,0.206931874,17,68,3,9,C:\Users\Mr_Green\OneDrive\Desktop\0_Sum_25\INFO_523\0_Final_Proj_N\wav_files\_wav_grey_mel\Chris Stapleton_Broken Halos_gray.png
Chris Stapleton,Tennessee Whiskey,Country,94.19103692,32937864.0,30996020.0,27962982.0,A,293.36,0.039793125,-0.930012941,84.76507568,151.9990809,0.097129911,17,70,3,3,C:\Users\Mr_Green\OneDrive\Desktop\0_Sum_25\INFO_523\0_Final_Proj_N\wav_files\_wav_grey_mel\Chris Stapleton_Tennessee Whiskey_gray.png
Chris Stapleton,Traveller,Country,92.91497679,16241933.0,15893221.0,10752822.0,D,222.46,0.054714281,0.047789123,77.46846771,178.205819,0.100969858,17,69,3,0,C:\Users\Mr_Green\OneDrive\Desktop\0_Sum_25\INFO_523\0_Final_Proj_N\wav_files\_wav_grey_mel\Chris Stapleton_Traveller_gray.png
Chris Stapleton,You Are My Sunshine,Country,105.0801116,76858136.0,69361784.0,60353388.0,D,373.26,0.051459726,2.517506838,74.94493866,112.3471467,0.159735397,17,74,3,0,C:\Users\Mr_Green\OneDrive\Desktop\0_Sum_25\INFO_523\0_Final_Proj_N\wav_files\_wav_grey_mel\Chris Stapleton_You Are My Sunshine_gray.png
Clint Black,A Better Man,Country,138.2585627,9252317.0,8898735.0,8867960.0,B,212.1,0.081581082,-0.88460815,70.00243378,161.4990234,0.096389554,18,71,3,2,C:\Users\Mr_Green\OneDrive\Desktop\0_Sum_25\INFO_523\0_Final_Proj_N\wav_files\_wav_grey_mel\Clint Black_A Better Man_gray.png
Clint Black,Killin' Time,Country,91.43940012,14269301.0,11016000.0,6992727.0,G,212.82,0.07059858,-1.258011103,73.5871582,120.1853198,0.090215191,18,72,3,1,C:\Users\Mr_Green\OneDrive\Desktop\0_Sum_25\INFO_523\0_Final_Proj_N\wav_files\_wav_grey_mel\Clint Black_Killin_ Time_gray.png
Clint Black,Like the Rain,Country,91.02337779,39277668.0,38376068.0,31473670.0,E,261.54,0.080525572,1.880855799,64.20888519,161.4990234,0.152689204,18,76,3,4,C:\Users\Mr_Green\OneDrive\Desktop\0_Sum_25\INFO_523\0_Final_Proj_N\wav_files\_wav_grey_mel\Clint Black_Like the Rain_gray.png
Clint Black,Nobody's Home,Country,86.25194023,14949669.0,13276521.0,12152707.0,G#,209.54,0.056853425,1.566461802,72.57926941,105.46875,0.108545102,18,73,3,9,C:\Users\Mr_Green\OneDrive\Desktop\0_Sum_25\INFO_523\0_Final_Proj_N\wav_files\_wav_grey_mel\Clint Black_Nobody_s Home_gray.png
Daddy Yankee,Dura,Reggaeton,160.8275612,251848512.0,181988512.0,109056592.0,C#,217.66,0.052784485,1.584596157,59.67763901,95.703125,0.272648692,40,158,8,10,C:\Users\Mr_Green\OneDrive\Desktop\0_Sum_25\INFO_523\0_Final_Proj_N\wav_files\_wav_grey_mel\Daddy Yankee_Dura_gray.png
Daddy Yankee,Gasolina,Reggaeton,161.1836176,3390614.75,3065129.5,1795193.875,F,253.84,0.0530427,-12.53212833,89.93403625,95.703125,0.04654358,40,159,8,5,C:\Users\Mr_Green\OneDrive\Desktop\0_Sum_25\INFO_523\0_Final_Proj_N\wav_files\_wav_grey_mel\Daddy Yankee_Gasolina_gray.png
Daddy Yankee,Limbo,Reggaeton,204.0721794,86022408.0,59268088.0,41104004.0,G,254.58,0.079057851,-2.953684807,62.92458344,126.0480183,0.125884533,40,160,8,1,C:\Users\Mr_Green\OneDrive\Desktop\0_Sum_25\INFO_523\0_Final_Proj_N\wav_files\_wav_grey_mel\Daddy Yankee_Limbo_gray.png
Daddy Yankee,Shaky Shaky,Reggaeton,163.5633177,358103168.0,243336288.0,146397408.0,B,238.92,0.047664759,1.942909598,61.69701767,87.59269068,0.29403466,40,161,8,2,C:\Users\Mr_Green\OneDrive\Desktop\0_Sum_25\INFO_523\0_Final_Proj_N\wav_files\_wav_grey_mel\Daddy Yankee_Shaky Shaky_gray.png
Daft Punk,Around the World,EDM,79.89141247,108414680.0,107091016.0,65733416.0,B,241.62,0.081940384,-0.64681226,70.74394226,120.1853198,0.15732722,21,86,4,2,C:\Users\Mr_Green\OneDrive\Desktop\0_Sum_25\INFO_523\0_Final_Proj_N\wav_files\_wav_grey_mel\Daft Punk_Around the World_gray.png
Daft Punk,Get Lucky,EDM,96.76821914,211375104.0,151436352.0,120732592.0,G#,248.66,0.051966457,6.04522419,57.60955048,114.84375,0.21787785,21,84,4,9,C:\Users\Mr_Green\OneDrive\Desktop\0_Sum_25\INFO_523\0_Final_Proj_N\wav_files\_wav_grey_mel\Daft Punk_Get Lucky_gray.png
Daft Punk,"Harder, Better, Faster, Stronger",EDM,141.9397361,69095016.0,48396020.0,37333428.0,C#,224.7,0.063669428,-1.342361808,70.66181183,123.046875,0.15581125,21,85,4,10,C:\Users\Mr_Green\OneDrive\Desktop\0_Sum_25\INFO_523\0_Final_Proj_N\wav_files\_wav_grey_mel\Daft Punk_Harder_ Better_ Faster_ Stronger_gray.png
Daft Punk,One More Time,EDM,127.0431718,44127648.0,40422024.0,21982140.0,G,321.42,0.087909885,-1.822478533,69.21276093,123.046875,0.120651826,21,90,4,1,C:\Users\Mr_Green\OneDrive\Desktop\0_Sum_25\INFO_523\0_Final_Proj_N\wav_files\_wav_grey_mel\Daft Punk_One More Time_gray.png
Don Omar,Danza Kuduro,Reggaeton,113.4582573,199510624.0,115249632.0,88079544.0,A,235.04,0.084344924,2.072560072,54.41189575,103.359375,0.217340872,43,172,8,3,C:\Users\Mr_Green\OneDrive\Desktop\0_Sum_25\INFO_523\0_Final_Proj_N\wav_files\_wav_grey_mel\Don Omar_Danza Kuduro_gray.png
Don Omar,Dile,Reggaeton,130.0658081,213503152.0,157481504.0,114198616.0,E,208.98,0.055653375,3.336068392,55.27245712,93.96306818,0.288123518,43,176,8,4,C:\Users\Mr_Green\OneDrive\Desktop\0_Sum_25\INFO_523\0_Final_Proj_N\wav_files\_wav_grey_mel\Don Omar_Dile_gray.png
Don Omar,Pobre Diabla,Reggaeton,132.1474461,108472832.0,83603192.0,52179564.0,F,254.84,0.057052364,0.666522741,67.06562805,184.5703125,0.176675096,43,175,8,5,C:\Users\Mr_Green\OneDrive\Desktop\0_Sum_25\INFO_523\0_Final_Proj_N\wav_files\_wav_grey_mel\Don Omar_Pobre Diabla_gray.png
Don Omar,Taboo,Reggaeton,128.9789782,38977832.0,27637440.0,22581612.0,A,292.36,0.057203287,0.389648378,71.21097565,99.38401442,0.101125427,43,173,8,3,C:\Users\Mr_Green\OneDrive\Desktop\0_Sum_25\INFO_523\0_Final_Proj_N\wav_files\_wav_grey_mel\Don Omar_Taboo_gray.png
Dorothy,After Midnight,Hard Rock,122.0581778,135446096.0,106747040.0,94979568.0,C#,151.76,0.055815194,6.435595036,53.18753815,74.89809783,0.284232348,46,183,9,10,C:\Users\Mr_Green\OneDrive\Desktop\0_Sum_25\INFO_523\0_Final_Proj_N\wav_files\_wav_grey_mel\Dorothy_After Midnight_gray.png
Dorothy,Down To The Bottom,Hard Rock,106.1971488,51014740.0,41495972.0,35094452.0,F#,185.28,0.042273365,2.914867878,73.14375305,87.59269068,0.14161016,46,188,9,7,C:\Users\Mr_Green\OneDrive\Desktop\0_Sum_25\INFO_523\0_Final_Proj_N\wav_files\_wav_grey_mel\Dorothy_Down To The Bottom_gray.png
Dorothy,Flawless,Hard Rock,99.31142703,6215810.0,5353078.0,5106176.5,G,252.9,0.054472399,-5.375303268,82.04222107,147.65625,0.059938345,46,191,9,1,C:\Users\Mr_Green\OneDrive\Desktop\0_Sum_25\INFO_523\0_Final_Proj_N\wav_files\_wav_grey_mel\Dorothy_Flawless_gray.png
Dorothy,Raise Hell,Hard Rock,104.6119059,179830896.0,103139312.0,52327304.0,F,194.44,0.054035691,5.237542629,58.42245483,79.50721154,0.232455134,46,189,9,5,C:\Users\Mr_Green\OneDrive\Desktop\0_Sum_25\INFO_523\0_Final_Proj_N\wav_files\_wav_grey_mel\Dorothy_Raise Hell_gray.png
Drake,God's Plan,Hip-Hop/Rap,149.3854209,278992448.0,219559792.0,95099344.0,C,356.88,0.056198567,-6.979198933,73.71618652,77.13386194,0.146816984,5,27,1,8,C:\Users\Mr_Green\OneDrive\Desktop\0_Sum_25\INFO_523\0_Final_Proj_N\wav_files\_wav_grey_mel\Drake_God_s Plan_gray.png
Drake,Hotline Bling,Hip-Hop/Rap,159.5683731,150869680.0,134762416.0,35342624.0,D,295.54,0.047298928,-2.136689901,79.21437073,135.9991776,0.130446091,5,21,1,0,C:\Users\Mr_Green\OneDrive\Desktop\0_Sum_25\INFO_523\0_Final_Proj_N\wav_files\_wav_grey_mel\Drake_Hotline Bling_gray.png
Drake,In My Feelings,Hip-Hop/Rap,201.9188257,873452608.0,570786240.0,243053856.0,C#,217.94,0.038877327,-1.471993327,77.50747681,90.66611842,0.286784232,5,25,1,10,C:\Users\Mr_Green\OneDrive\Desktop\0_Sum_25\INFO_523\0_Final_Proj_N\wav_files\_wav_grey_mel\Drake_In My Feelings_gray.png
Drake,One Dance,Hip-Hop/Rap,168.0324311,331963776.0,103716016.0,99285016.0,F,174.94,0.030403341,1.736096382,72.95161438,139.6748311,0.237681925,5,16,1,5,C:\Users\Mr_Green\OneDrive\Desktop\0_Sum_25\INFO_523\0_Final_Proj_N\wav_files\_wav_grey_mel\Drake_One Dance_gray.png
Dua Lipa,Don't Start Now,Pop,107.329484,127264488.0,116774976.0,97279624.0,G,181.12,0.06613114,5.020703316,58.48115921,123.046875,0.230057895,0,2,0,1,C:\Users\Mr_Green\OneDrive\Desktop\0_Sum_25\INFO_523\0_Final_Proj_N\wav_files\_wav_grey_mel\Dua Lipa_Don_t Start Now_gray.png
Dua Lipa,Houdini,Pop,104.071745,222885024.0,129446408.0,96510488.0,D,188.34,0.066949069,5.743303299,52.88304901,117.4538352,0.255077869,0,0,0,0,C:\Users\Mr_Green\OneDrive\Desktop\0_Sum_25\INFO_523\0_Final_Proj_N\wav_files\_wav_grey_mel\Dua Lipa_Houdini_gray.png
Dua Lipa,Levitating,Pop,95.28279488,220567008.0,172600960.0,116240680.0,B,220.86,0.058899747,4.052389145,61.68325806,103.359375,0.284746915,0,3,0,2,C:\Users\Mr_Green\OneDrive\Desktop\0_Sum_25\INFO_523\0_Final_Proj_N\wav_files\_wav_grey_mel\Dua Lipa_Levitating_gray.png
Dua Lipa,Physical,Pop,147.5171559,288255040.0,255349088.0,137217232.0,A,243.38,0.062737433,5.147807121,67.37581635,147.65625,0.278511584,0,7,0,3,C:\Users\Mr_Green\OneDrive\Desktop\0_Sum_25\INFO_523\0_Final_Proj_N\wav_files\_wav_grey_mel\Dua Lipa_Physical_gray.png
Foo Fighters,Best of You,Rock,94.75041162,71153848.0,59426744.0,40252272.0,E,255.7,0.073309516,5.095645428,58.3038826,129.1992188,0.217630208,11,49,2,4,C:\Users\Mr_Green\OneDrive\Desktop\0_Sum_25\INFO_523\0_Final_Proj_N\wav_files\_wav_grey_mel\Foo Fighters_Best of You_gray.png
Foo Fighters,Everlong,Rock,69.89791977,181167072.0,179204512.0,166516464.0,D,291.2799773,0.05603565,9.152947426,55.38700485,156.6051136,0.254617184,11,46,2,0,C:\Users\Mr_Green\OneDrive\Desktop\0_Sum_25\INFO_523\0_Final_Proj_N\wav_files\_wav_grey_mel\Foo Fighters_Everlong_gray.png
Foo Fighters,Learn to Fly,Rock,71.24340647,142367568.0,137741728.0,114589680.0,B,276.48,0.076510935,9.053771019,47.69287491,135.9991776,0.243793562,11,47,2,2,C:\Users\Mr_Green\OneDrive\Desktop\0_Sum_25\INFO_523\0_Final_Proj_N\wav_files\_wav_grey_mel\Foo Fighters_Learn to Fly_gray.png
Foo Fighters,The Pretender,Rock,88.59835685,112048512.0,105772872.0,75461160.0,A,270.2799773,0.079827587,5.30008316,57.925354,86.1328125,0.223204851,11,42,2,3,C:\Users\Mr_Green\OneDrive\Desktop\0_Sum_25\INFO_523\0_Final_Proj_N\wav_files\_wav_grey_mel\Foo Fighters_The Pretender_gray.png
H.E.R.,Best Part,R&B/Soul,94.01822946,21397956.0,20612208.0,20357152.0,D,209.48,0.038604635,0.236488223,71.20415497,143.5546875,0.172845423,32,125,6,0,C:\Users\Mr_Green\OneDrive\Desktop\0_Sum_25\INFO_523\0_Final_Proj_N\wav_files\_wav_grey_mel\H.E.R._Best Part_gray.png
H.E.R.,Damage,R&B/Soul,123.3686389,166372160.0,147829552.0,86496496.0,D#,224.16,0.054826666,2.288125277,69.49019623,161.4990234,0.206577852,32,127,6,11,C:\Users\Mr_Green\OneDrive\Desktop\0_Sum_25\INFO_523\0_Final_Proj_N\wav_files\_wav_grey_mel\H.E.R._Damage_gray.png
H.E.R.,Focus,R&B/Soul,177.0237943,335042400.0,166453520.0,121994688.0,F#,200.22,0.028384129,-4.361654758,81.52842712,89.10290948,0.192897826,32,128,6,7,C:\Users\Mr_Green\OneDrive\Desktop\0_Sum_25\INFO_523\0_Final_Proj_N\wav_files\_wav_grey_mel\H.E.R._Focus_gray.png
H.E.R.,Slide,R&B/Soul,114.0950898,43361996.0,26703154.0,21862222.0,D#,256.86,0.043737045,-6.60417366,91.13208008,97.50884434,0.086855114,32,129,6,11,C:\Users\Mr_Green\OneDrive\Desktop\0_Sum_25\INFO_523\0_Final_Proj_N\wav_files\_wav_grey_mel\H.E.R._Slide_gray.png
Ivy Queen,Dime,Reggaeton,124.6620749,89247968.0,55395140.0,47132836.0,G,221.38,0.093807281,3.416910887,46.74649429,132.5120192,0.216048077,44,179,8,1,C:\Users\Mr_Green\OneDrive\Desktop\0_Sum_25\INFO_523\0_Final_Proj_N\wav_files\_wav_grey_mel\Ivy Queen_Dime_gray.png
Ivy Queen,La Vida Es AsÃ­,Reggaeton,174.9497293,5483829.0,3985279.75,3025525.0,D,225.2,0.068379261,-9.072863579,85.33833313,139.6748311,0.052382305,44,178,8,0,C:\Users\Mr_Green\OneDrive\Desktop\0_Sum_25\INFO_523\0_Final_Proj_N\wav_files\_wav_grey_mel\Ivy Queen_La Vida Es As__gray.png
Ivy Queen,Quiero Bailar,Reggaeton,127.2683261,312077088.0,273711520.0,49711904.0,G#,190.62,0.058881711,-1.529404521,66.17707825,126.0480183,0.249335706,44,174,8,9,C:\Users\Mr_Green\OneDrive\Desktop\0_Sum_25\INFO_523\0_Final_Proj_N\wav_files\_wav_grey_mel\Ivy Queen_Quiero Bailar_gray.png
Ivy Queen,Yo Quiero Bailar,Reggaeton,127.6056996,314612768.0,273604960.0,50235852.0,A,182.86,0.058969439,-0.572714388,61.91292953,126.0480183,0.256701887,44,177,8,3,C:\Users\Mr_Green\OneDrive\Desktop\0_Sum_25\INFO_523\0_Final_Proj_N\wav_files\_wav_grey_mel\Ivy Queen_Yo Quiero Bailar_gray.png
J Balvin,Ay Vamos,Latin,95.69850531,103100752.0,74841160.0,53409016.0,D#,240.08,0.072754402,-2.300785065,61.92598343,172.265625,0.188428953,26,109,5,11,C:\Users\Mr_Green\OneDrive\Desktop\0_Sum_25\INFO_523\0_Final_Proj_N\wav_files\_wav_grey_mel\J Balvin_Ay Vamos_gray.png
J Balvin,Ginza,Latin,102.2223866,48777672.0,39217220.0,37632148.0,F,191.2,0.03868712,-2.307352066,79.44902802,101.3327206,0.147773921,26,103,5,5,C:\Users\Mr_Green\OneDrive\Desktop\0_Sum_25\INFO_523\0_Final_Proj_N\wav_files\_wav_grey_mel\J Balvin_Ginza_gray.png
J Balvin,Mi Gente,Latin,393.3303951,312299712.0,305170336.0,90341832.0,E,185.86,0.06148034,-1.984770894,57.81391907,139.6748311,0.27459681,26,100,5,4,C:\Users\Mr_Green\OneDrive\Desktop\0_Sum_25\INFO_523\0_Final_Proj_N\wav_files\_wav_grey_mel\J Balvin_Mi Gente_gray.png
J Balvin,Safari,Latin,113.2570916,241447360.0,182337120.0,180570144.0,D,204.2,0.039941984,5.698002815,61.48609161,120.1853198,0.334473908,26,106,5,0,C:\Users\Mr_Green\OneDrive\Desktop\0_Sum_25\INFO_523\0_Final_Proj_N\wav_files\_wav_grey_mel\J Balvin_Safari_gray.png
J. Cole,Love Yourz,Hip-Hop/Rap,92.06345683,114880200.0,91615568.0,37989400.0,G#,211.52,0.05023398,-1.749307394,72.31001282,107.6660156,0.177776903,7,33,1,9,C:\Users\Mr_Green\OneDrive\Desktop\0_Sum_25\INFO_523\0_Final_Proj_N\wav_files\_wav_grey_mel\J. Cole_Love Yourz_gray.png
J. Cole,Middle Child,Hip-Hop/Rap,90.95158845,500593696.0,487526048.0,113827904.0,C,213.58,0.037494039,-2.25826335,74.4431839,123.046875,0.259234965,7,31,1,8,C:\Users\Mr_Green\OneDrive\Desktop\0_Sum_25\INFO_523\0_Final_Proj_N\wav_files\_wav_grey_mel\J. Cole_Middle Child_gray.png
J. Cole,No Role Modelz,Hip-Hop/Rap,120.8954966,260198720.0,160848592.0,143195904.0,A#,292.82,0.047066638,-1.366701722,72.69194794,99.38401442,0.18435061,7,34,1,6,C:\Users\Mr_Green\OneDrive\Desktop\0_Sum_25\INFO_523\0_Final_Proj_N\wav_files\_wav_grey_mel\J. Cole_No Role Modelz_gray.png
J. Cole,Power Trip,Hip-Hop/Rap,116.0459272,28852064.0,22210950.0,8438769.0,F,242.94,0.035054818,-4.091546059,85.29976654,99.38401442,0.072307043,7,28,1,5,C:\Users\Mr_Green\OneDrive\Desktop\0_Sum_25\INFO_523\0_Final_Proj_N\wav_files\_wav_grey_mel\J. Cole_Power Trip_gray.png
Jelly Roll,Creature,Country,233.5083209,536659648.0,404784544.0,155245280.0,D#,258.74,0.050302762,-0.047324482,68.82479095,139.6748311,0.241770715,19,79,3,11,C:\Users\Mr_Green\OneDrive\Desktop\0_Sum_25\INFO_523\0_Final_Proj_N\wav_files\_wav_grey_mel\Jelly Roll_Creature_gray.png
Jelly Roll,Same Asshole,Country,135.3227345,173431968.0,160106448.0,66712060.0,A,267.6,0.056870912,2.334732533,67.21165466,101.3327206,0.182148516,19,80,3,3,C:\Users\Mr_Green\OneDrive\Desktop\0_Sum_25\INFO_523\0_Final_Proj_N\wav_files\_wav_grey_mel\Jelly Roll_Same Asshole_gray.png
Jelly Roll,Save Me,Country,100.8121503,27915694.0,18246208.0,14556910.0,E,236.8,0.047006903,-2.597787857,78.61772919,161.4990234,0.122327335,19,75,3,4,C:\Users\Mr_Green\OneDrive\Desktop\0_Sum_25\INFO_523\0_Final_Proj_N\wav_files\_wav_grey_mel\Jelly Roll_Save Me_gray.png
Jelly Roll,Son of a Sinner,Country,77.85336325,150617328.0,141916656.0,130832128.0,D,230.22,0.04015366,8.208188057,61.52217102,114.84375,0.24379459,19,77,3,0,C:\Users\Mr_Green\OneDrive\Desktop\0_Sum_25\INFO_523\0_Final_Proj_N\wav_files\_wav_grey_mel\Jelly Roll_Son of a Sinner_gray.png
Karol G,Ahora Me Llama,Latin,150.8027439,402738880.0,286750016.0,275150208.0,G,235.02,0.039153701,9.74774456,61.96007919,135.9991776,0.319072574,27,113,5,1,C:\Users\Mr_Green\OneDrive\Desktop\0_Sum_25\INFO_523\0_Final_Proj_N\wav_files\_wav_grey_mel\Karol G_Ahora Me Llama_gray.png
Karol G,Bichota,Latin,147.2669032,304617632.0,236176320.0,121944080.0,C#,176.84,0.045723731,-0.154717848,69.53408813,82.03125,0.288917482,27,107,5,10,C:\Users\Mr_Green\OneDrive\Desktop\0_Sum_25\INFO_523\0_Final_Proj_N\wav_files\_wav_grey_mel\Karol G_Bichota_gray.png
Karol G,Ocean,Latin,130.3542936,42677644.0,42601072.0,31836392.0,B,154.84,0.050512598,-9.617035866,74.25546265,74.89809783,0.205626518,27,110,5,2,C:\Users\Mr_Green\OneDrive\Desktop\0_Sum_25\INFO_523\0_Final_Proj_N\wav_files\_wav_grey_mel\Karol G_Ocean_gray.png
Karol G,Tusa,Latin,146.999115,379735616.0,323874080.0,103696984.0,A,203.86,0.045982886,0.964554965,67.88538361,135.9991776,0.28696239,27,108,5,3,C:\Users\Mr_Green\OneDrive\Desktop\0_Sum_25\INFO_523\0_Final_Proj_N\wav_files\_wav_grey_mel\Karol G_Tusa_gray.png
Kendrick Lamar,Alright,Hip-Hop/Rap,106.3549014,305565376.0,271893056.0,143248880.0,G,194.5,0.054307175,3.412372112,51.90038681,109.9567819,0.289036036,6,23,1,1,C:\Users\Mr_Green\OneDrive\Desktop\0_Sum_25\INFO_523\0_Final_Proj_N\wav_files\_wav_grey_mel\Kendrick Lamar_Alright_gray.png
Kendrick Lamar,DNA.,Hip-Hop/Rap,399.4477563,642498816.0,481572256.0,252871824.0,B,186.66,0.044300818,6.683357239,59.1813736,139.6748311,0.35149014,6,24,1,2,C:\Users\Mr_Green\OneDrive\Desktop\0_Sum_25\INFO_523\0_Final_Proj_N\wav_files\_wav_grey_mel\Kendrick Lamar_DNA._gray.png
Kendrick Lamar,HUMBLE.,Hip-Hop/Rap,611.7757143,460779552.0,197015232.0,162424080.0,C#,183.62,0.039034931,4.028625965,67.50537109,151.9990809,0.270395696,6,22,1,10,C:\Users\Mr_Green\OneDrive\Desktop\0_Sum_25\INFO_523\0_Final_Proj_N\wav_files\_wav_grey_mel\Kendrick Lamar_HUMBLE._gray.png
Kendrick Lamar,Not Like Us,Hip-Hop/Rap,241.5067321,882208512.0,680289856.0,212421536.0,C#,354.3,0.047241247,1.440042257,71.39685059,101.3327206,0.270964056,6,26,1,10,C:\Users\Mr_Green\OneDrive\Desktop\0_Sum_25\INFO_523\0_Final_Proj_N\wav_files\_wav_grey_mel\Kendrick Lamar_Not Like Us_gray.png
Lainey Wilson,Heart Like a Truck,Country,88.05119318,40711416.0,38123144.0,28340356.0,A,207.1,0.049349279,3.189862728,65.69844818,139.6748311,0.158889636,16,65,3,3,C:\Users\Mr_Green\OneDrive\Desktop\0_Sum_25\INFO_523\0_Final_Proj_N\wav_files\_wav_grey_mel\Lainey Wilson_Heart Like a Truck_gray.png
Lainey Wilson,Smell Like Smoke,Country,87.30055616,70557272.0,69648752.0,66876552.0,G,168.16,0.052811165,5.729012012,60.82601929,87.59269068,0.246226653,16,64,3,1,C:\Users\Mr_Green\OneDrive\Desktop\0_Sum_25\INFO_523\0_Final_Proj_N\wav_files\_wav_grey_mel\Lainey Wilson_Smell Like Smoke_gray.png
Lainey Wilson,Things a Man Oughta Know,Country,132.3091938,156809408.0,105615208.0,78087232.0,D#,231.84,0.038124936,3.536574602,72.725914,139.6748311,0.241197169,16,66,3,11,C:\Users\Mr_Green\OneDrive\Desktop\0_Sum_25\INFO_523\0_Final_Proj_N\wav_files\_wav_grey_mel\Lainey Wilson_Things a Man Oughta Know_gray.png
Lainey Wilson,WWDD,Country,84.31999387,108834752.0,102181288.0,86394688.0,D,140.5,0.062375489,8.343730927,51.80683899,114.84375,0.287444562,16,62,3,0,C:\Users\Mr_Green\OneDrive\Desktop\0_Sum_25\INFO_523\0_Final_Proj_N\wav_files\_wav_grey_mel\Lainey Wilson_WWDD_gray.png
Los Retros,Forever,Latin,92.31448999,39308356.0,34180544.0,30567448.0,A,176.76,0.037436531,3.285751581,70.64041901,178.205819,0.234926894,29,112,5,3,C:\Users\Mr_Green\OneDrive\Desktop\0_Sum_25\INFO_523\0_Final_Proj_N\wav_files\_wav_grey_mel\Los Retros_Forever_gray.png
Los Retros,If You Want It,Latin,84.64057848,44838908.0,38258132.0,22571374.0,E,174.52,0.026777315,2.414676428,85.67536926,178.205819,0.143096462,29,114,5,4,C:\Users\Mr_Green\OneDrive\Desktop\0_Sum_25\INFO_523\0_Final_Proj_N\wav_files\_wav_grey_mel\Los Retros_If You Want It_gray.png
Los Retros,Loco,Latin,124.1936959,144494000.0,143340448.0,75831312.0,E,420.28,0.046053393,-4.21280098,77.30606079,87.59269068,0.147604287,29,122,5,4,C:\Users\Mr_Green\OneDrive\Desktop\0_Sum_25\INFO_523\0_Final_Proj_N\wav_files\_wav_grey_mel\Los Retros_Loco_gray.png
Los Retros,Nada,Latin,99.0166652,17498710.0,15419704.0,11267699.0,F,278.84,0.036351968,-3.17499423,88.92606354,151.9990809,0.087793589,29,117,5,5,C:\Users\Mr_Green\OneDrive\Desktop\0_Sum_25\INFO_523\0_Final_Proj_N\wav_files\_wav_grey_mel\Los Retros_Nada_gray.png
Marshmello,Alone,EDM,457.083547,567206144.0,315071392.0,210626704.0,D,199.48,0.056162802,8.811070442,52.56496811,143.5546875,0.357266843,22,88,4,0,C:\Users\Mr_Green\OneDrive\Desktop\0_Sum_25\INFO_523\0_Final_Proj_N\wav_files\_wav_grey_mel\Marshmello_Alone_gray.png
Marshmello,Friends,EDM,130.3615843,134513296.0,132605560.0,72042344.0,A,205.54,0.08670368,1.323034286,52.25806427,95.703125,0.29122436,22,92,4,3,C:\Users\Mr_Green\OneDrive\Desktop\0_Sum_25\INFO_523\0_Final_Proj_N\wav_files\_wav_grey_mel\Marshmello_Friends_gray.png
Marshmello,Happier,EDM,118.3064094,281704224.0,281592896.0,66830552.0,F,233.26,0.068939057,3.583799601,49.78520584,99.38401442,0.304258794,22,89,4,5,C:\Users\Mr_Green\OneDrive\Desktop\0_Sum_25\INFO_523\0_Final_Proj_N\wav_files\_wav_grey_mel\Marshmello_Happier_gray.png
Marshmello,Silence,EDM,103.4505594,294712032.0,168635248.0,160698720.0,E,186.84,0.056548424,4.307703972,58.1620369,143.5546875,0.304945022,22,87,4,4,C:\Users\Mr_Green\OneDrive\Desktop\0_Sum_25\INFO_523\0_Final_Proj_N\wav_files\_wav_grey_mel\Marshmello_Silence_gray.png
Megan Thee Stallion,Hiss,Hip-Hop/Rap,218.4156837,679636864.0,374317824.0,155226240.0,C#,194.62,0.088677164,0.620046914,52.90172195,166.7086694,0.322700977,8,32,1,10,C:\Users\Mr_Green\OneDrive\Desktop\0_Sum_25\INFO_523\0_Final_Proj_N\wav_files\_wav_grey_mel\Megan Thee Stallion_Hiss_gray.png
Megan Thee Stallion,Hot Girl Summer,Hip-Hop/Rap,82.88005885,357492672.0,311479520.0,303523616.0,F,199.7,0.04820319,7.956084728,53.60040665,99.38401442,0.332271814,8,35,1,5,C:\Users\Mr_Green\OneDrive\Desktop\0_Sum_25\INFO_523\0_Final_Proj_N\wav_files\_wav_grey_mel\Megan Thee Stallion_Hot Girl Summer_gray.png
Megan Thee Stallion,Mamushi,Hip-Hop/Rap,109.4021371,525549888.0,314246720.0,123311112.0,C#,157.06,0.076113732,3.21410203,57.96190262,80.74951172,0.314572334,8,29,1,10,C:\Users\Mr_Green\OneDrive\Desktop\0_Sum_25\INFO_523\0_Final_Proj_N\wav_files\_wav_grey_mel\Megan Thee Stallion_Mamushi_gray.png
Megan Thee Stallion,Savage,Hip-Hop/Rap,125.6150004,241183712.0,145067568.0,101229472.0,D#,155.52,0.064615472,4.091169834,62.01547623,84.72079918,0.26692003,8,30,1,11,C:\Users\Mr_Green\OneDrive\Desktop\0_Sum_25\INFO_523\0_Final_Proj_N\wav_files\_wav_grey_mel\Megan Thee Stallion_Savage_gray.png
Mexican Slum Rats,Barrio Oscuro,Latin,79.34729252,57886556.0,56782824.0,39620096.0,D,293.26,0.025077727,2.868687868,80.00295258,103.359375,0.13503556,28,116,5,0,C:\Users\Mr_Green\OneDrive\Desktop\0_Sum_25\INFO_523\0_Final_Proj_N\wav_files\_wav_grey_mel\Mexican Slum Rats_Barrio Oscuro_gray.png
Mexican Slum Rats,Ciudad Perdida,Latin,81.24681378,1920243328.0,1826505600.0,1083118976.0,B,1850.2,0.026051514,7.106972694,64.51680756,161.4990234,0.269620508,28,168,5,2,C:\Users\Mr_Green\OneDrive\Desktop\0_Sum_25\INFO_523\0_Final_Proj_N\wav_files\_wav_grey_mel\Mexican Slum Rats_Ciudad Perdida_gray.png
Mexican Slum Rats,La Lluvia,Latin,81.24681378,1920243328.0,1826505600.0,1083118976.0,B,1850.2,0.026051514,7.106972694,64.51680756,161.4990234,0.269620508,28,169,5,2,C:\Users\Mr_Green\OneDrive\Desktop\0_Sum_25\INFO_523\0_Final_Proj_N\wav_files\_wav_grey_mel\Mexican Slum Rats_La Lluvia_gray.png
Mexican Slum Rats,Los Angeles,Latin,106.0525051,386439072.0,316369824.0,236967552.0,E,181.12,0.039884638,8.949194908,56.73099518,161.4990234,0.480932832,28,111,5,4,C:\Users\Mr_Green\OneDrive\Desktop\0_Sum_25\INFO_523\0_Final_Proj_N\wav_files\_wav_grey_mel\Mexican Slum Rats_Los Angeles_gray.png
Morgan Wallen,Last Night,Country,91.96582203,32927480.0,28413128.0,26123450.0,F#,165.6999773,0.070089587,0.139174536,56.85796738,101.3327206,0.184196323,14,53,3,7,C:\Users\Mr_Green\OneDrive\Desktop\0_Sum_25\INFO_523\0_Final_Proj_N\wav_files\_wav_grey_mel\Morgan Wallen_Last Night_gray.png
Morgan Wallen,Sand In My Boots,Country,101.0481175,13293458.0,12817348.0,12349220.0,D#,195.14,0.035760385,-7.025647163,88.77481842,143.5546875,0.120599337,14,63,3,11,C:\Users\Mr_Green\OneDrive\Desktop\0_Sum_25\INFO_523\0_Final_Proj_N\wav_files\_wav_grey_mel\Morgan Wallen_Sand In My Boots_gray.png
Morgan Wallen,Wasted on You,Country,98.04482779,29601632.0,19407900.0,19081942.0,D,179.62,0.040448288,0.489687175,70.71923828,97.50884434,0.170501113,14,58,3,0,C:\Users\Mr_Green\OneDrive\Desktop\0_Sum_25\INFO_523\0_Final_Proj_N\wav_files\_wav_grey_mel\Morgan Wallen_Wasted on You_gray.png
Morgan Wallen,Whiskey Glasses,Country,91.98636282,91516648.0,74090312.0,72377728.0,C#,259.92,0.04833847,5.519989014,61.77550125,151.9990809,0.287171513,14,67,3,10,C:\Users\Mr_Green\OneDrive\Desktop\0_Sum_25\INFO_523\0_Final_Proj_N\wav_files\_wav_grey_mel\Morgan Wallen_Whiskey Glasses_gray.png
NewJeans,Attention,K-Pop,138.8553916,141109872.0,86791624.0,65470576.0,A#,177.86,0.087042475,0.626261532,51.16649628,105.46875,0.263819277,38,148,7,6,C:\Users\Mr_Green\OneDrive\Desktop\0_Sum_25\INFO_523\0_Final_Proj_N\wav_files\_wav_grey_mel\NewJeans_Attention_gray.png
NewJeans,Cookie,K-Pop,116.121059,225387248.0,222705856.0,151123648.0,D,238.98,0.057210433,5.001121998,63.67024612,105.46875,0.29439351,38,152,7,0,C:\Users\Mr_Green\OneDrive\Desktop\0_Sum_25\INFO_523\0_Final_Proj_N\wav_files\_wav_grey_mel\NewJeans_Cookie_gray.png
NewJeans,Ditto,K-Pop,166.2668862,167311568.0,124035552.0,79446848.0,C#,186.84,0.059545647,2.625804663,55.74661255,89.10290948,0.233735353,38,153,7,10,C:\Users\Mr_Green\OneDrive\Desktop\0_Sum_25\INFO_523\0_Final_Proj_N\wav_files\_wav_grey_mel\NewJeans_Ditto_gray.png
NewJeans,Hype Boy,K-Pop,156.0367116,43873304.0,37362368.0,32676606.0,B,180.02,0.097410661,-2.855450392,56.00692368,99.38401442,0.218936488,38,150,7,2,C:\Users\Mr_Green\OneDrive\Desktop\0_Sum_25\INFO_523\0_Final_Proj_N\wav_files\_wav_grey_mel\NewJeans_Hype Boy_gray.png
Olivia Rodrigo,Deja Vu,Pop,184.0662344,39266944.0,29065518.0,18950574.0,A,231.46,0.04658042,-4.856000423,78.69223785,178.205819,0.12189126,2,4,0,3,C:\Users\Mr_Green\OneDrive\Desktop\0_Sum_25\INFO_523\0_Final_Proj_N\wav_files\_wav_grey_mel\Olivia Rodrigo_Deja Vu_gray.png
Olivia Rodrigo,Drivers License,Pop,159.9109166,181163008.0,126985136.0,37439796.0,A#,247.04,0.038553659,-1.157737374,76.89186096,143.5546875,0.184012532,2,10,0,6,C:\Users\Mr_Green\OneDrive\Desktop\0_Sum_25\INFO_523\0_Final_Proj_N\wav_files\_wav_grey_mel\Olivia Rodrigo_Drivers License_gray.png
Olivia Rodrigo,Good 4 U,Pop,128.7932231,27364960.0,23897556.0,13367372.0,F#,198.52,0.050465723,-3.786867857,86.89710236,166.7086694,0.10284479,2,11,0,7,C:\Users\Mr_Green\OneDrive\Desktop\0_Sum_25\INFO_523\0_Final_Proj_N\wav_files\_wav_grey_mel\Olivia Rodrigo_Good 4 U_gray.png
Olivia Rodrigo,Traitor,Pop,156.0301389,116971728.0,87407760.0,72053760.0,G,237.36,0.039462511,-1.463891029,77.75128937,99.38401442,0.188803092,2,5,0,1,C:\Users\Mr_Green\OneDrive\Desktop\0_Sum_25\INFO_523\0_Final_Proj_N\wav_files\_wav_grey_mel\Olivia Rodrigo_Traitor_gray.png
Ozuna,Caramelo,Reggaeton,95.25364326,176951536.0,174989184.0,119347736.0,D#,261.94,0.048802003,4.436098099,63.56749725,166.7086694,0.234511122,41,165,8,11,C:\Users\Mr_Green\OneDrive\Desktop\0_Sum_25\INFO_523\0_Final_Proj_N\wav_files\_wav_grey_mel\Ozuna_Caramelo_gray.png
Ozuna,Dile Que TÃº Me Quieres,Reggaeton,199.3847411,296117376.0,161290048.0,98112872.0,D#,226.66,0.050052742,-1.719172478,64.1685257,87.59269068,0.22659944,41,164,8,11,C:\Users\Mr_Green\OneDrive\Desktop\0_Sum_25\INFO_523\0_Final_Proj_N\wav_files\_wav_grey_mel\Ozuna_Dile Que T_ Me Quieres_gray.png
Ozuna,Se PreparÃ³,Reggaeton,102.1549724,231520624.0,198703312.0,88602952.0,D#,230.04,0.043758886,4.91457653,61.7114563,172.265625,0.264947027,41,163,8,11,C:\Users\Mr_Green\OneDrive\Desktop\0_Sum_25\INFO_523\0_Final_Proj_N\wav_files\_wav_grey_mel\Ozuna_Se Prepar__gray.png
Ozuna,Taki Taki,Reggaeton,254.8576296,301396992.0,238233632.0,129577536.0,E,231.58,0.064151349,-2.541164875,64.52523041,129.1992188,0.238175213,41,162,8,4,C:\Users\Mr_Green\OneDrive\Desktop\0_Sum_25\INFO_523\0_Final_Proj_N\wav_files\_wav_grey_mel\Ozuna_Taki Taki_gray.png
Paramore,Ain't It Fun,Rock,91.21768589,157340080.0,147330208.0,129223488.0,A,227.92,0.060296094,6.886840343,55.30690384,103.359375,0.271621376,12,48,2,3,C:\Users\Mr_Green\OneDrive\Desktop\0_Sum_25\INFO_523\0_Final_Proj_N\wav_files\_wav_grey_mel\Paramore_Ain_t It Fun_gray.png
Paramore,Crushcrushcrush,Rock,115.7401454,193837456.0,166025152.0,89930984.0,C#,189.44,0.069114209,9.640376091,53.50448608,135.9991776,0.266286463,12,50,2,10,C:\Users\Mr_Green\OneDrive\Desktop\0_Sum_25\INFO_523\0_Final_Proj_N\wav_files\_wav_grey_mel\Paramore_Crushcrushcrush_gray.png
Paramore,Misery Business,Rock,147.1787551,99397088.0,78341960.0,51914288.0,C,199.34,0.065587007,7.120919704,53.97332382,86.1328125,0.195482031,12,43,2,8,C:\Users\Mr_Green\OneDrive\Desktop\0_Sum_25\INFO_523\0_Final_Proj_N\wav_files\_wav_grey_mel\Paramore_Misery Business_gray.png
Paramore,Still Into You,Rock,101.8110877,107387528.0,92815424.0,76904608.0,F,220.16,0.07041683,7.572989464,53.52013016,135.9991776,0.270574301,12,51,2,5,C:\Users\Mr_Green\OneDrive\Desktop\0_Sum_25\INFO_523\0_Final_Proj_N\wav_files\_wav_grey_mel\Paramore_Still Into You_gray.png
Poison,Every Rose Has Its Thorn,Rock,136.5120804,41082704.0,40664572.0,36905808.0,F#,284.8,0.112282494,2.39494729,54.42214584,139.6748311,0.185412884,13,59,2,7,C:\Users\Mr_Green\OneDrive\Desktop\0_Sum_25\INFO_523\0_Final_Proj_N\wav_files\_wav_grey_mel\Poison_Every Rose Has Its Thorn_gray.png
Poison,Something to Believe In,Rock,94.0331035,63863720.0,53404952.0,45163728.0,D#,327.76,0.065855029,1.759217381,64.36644745,135.9991776,0.178427488,13,61,2,11,C:\Users\Mr_Green\OneDrive\Desktop\0_Sum_25\INFO_523\0_Final_Proj_N\wav_files\_wav_grey_mel\Poison_Something to Believe In_gray.png
Poison,Talk Dirty to Me,Rock,110.2438332,34280424.0,34277388.0,32870678.0,F#,242.52,0.08227608,2.184795856,59.09628296,156.6051136,0.149670526,13,52,2,7,C:\Users\Mr_Green\OneDrive\Desktop\0_Sum_25\INFO_523\0_Final_Proj_N\wav_files\_wav_grey_mel\Poison_Talk Dirty to Me_gray.png
Poison,Unskinny Bop,Rock,100.0606155,87466736.0,83379056.0,81141304.0,G#,296.1599773,0.067962089,5.67019701,57.53879166,92.28515625,0.204769999,13,60,2,9,C:\Users\Mr_Green\OneDrive\Desktop\0_Sum_25\INFO_523\0_Final_Proj_N\wav_files\_wav_grey_mel\Poison_Unskinny Bop_gray.png
Post Malone,Circles,Hip-Hop/Rap,85.90093915,276094528.0,159006640.0,152873248.0,C,226.32,0.043696187,6.950387955,62.89076614,120.1853198,0.330532581,9,37,1,8,C:\Users\Mr_Green\OneDrive\Desktop\0_Sum_25\INFO_523\0_Final_Proj_N\wav_files\_wav_grey_mel\Post Malone_Circles_gray.png
Post Malone,Congratulations,Hip-Hop/Rap,123.5230106,237245680.0,139912464.0,88075952.0,F#,226.84,0.053907135,2.521815777,64.12299347,123.046875,0.231438771,9,40,1,7,C:\Users\Mr_Green\OneDrive\Desktop\0_Sum_25\INFO_523\0_Final_Proj_N\wav_files\_wav_grey_mel\Post Malone_Congratulations_gray.png
Post Malone,Rockstar,Hip-Hop/Rap,182.7349304,467635360.0,226085712.0,125245656.0,G,241.88,0.028246838,1.332505703,80.61871338,161.4990234,0.234574392,9,39,1,1,C:\Users\Mr_Green\OneDrive\Desktop\0_Sum_25\INFO_523\0_Final_Proj_N\wav_files\_wav_grey_mel\Post Malone_Rockstar_gray.png
Post Malone,Sunflower,Hip-Hop/Rap,122.4077497,64717232.0,57083340.0,54853328.0,D,161.68,0.052869436,2.06299901,69.08148956,178.205819,0.243952274,9,36,1,0,C:\Users\Mr_Green\OneDrive\Desktop\0_Sum_25\INFO_523\0_Final_Proj_N\wav_files\_wav_grey_mel\Post Malone_Sunflower_gray.png
Queen,Bohemian Rhapsody,Rock,111.0907853,38482836.0,36053712.0,33394400.0,A#,359.46,0.058541881,-4.074263096,78.55324554,143.5546875,0.119382925,10,44,2,6,C:\Users\Mr_Green\OneDrive\Desktop\0_Sum_25\INFO_523\0_Final_Proj_N\wav_files\_wav_grey_mel\Queen_Bohemian Rhapsody_gray.png
Queen,Don't Stop Me Now,Rock,94.24292451,26415802.0,18796782.0,13370474.0,A,211.94,0.073771874,-2.674905777,75.72990417,156.6051136,0.098450877,10,41,2,3,C:\Users\Mr_Green\OneDrive\Desktop\0_Sum_25\INFO_523\0_Final_Proj_N\wav_files\_wav_grey_mel\Queen_Don_t Stop Me Now_gray.png
Queen,Somebody to Love,Rock,101.9782856,78740552.0,51563936.0,44393652.0,G#,309.5,0.083539923,-0.312838256,65.43397522,112.3471467,0.154439241,10,45,2,9,C:\Users\Mr_Green\OneDrive\Desktop\0_Sum_25\INFO_523\0_Final_Proj_N\wav_files\_wav_grey_mel\Queen_Somebody to Love_gray.png
Queen,We Will Rock You,Rock,136.4171103,12367936.0,12306373.0,3561819.5,E,134.5,0.05862397,-9.249209404,95.23722839,82.03125,0.097010285,10,38,2,4,C:\Users\Mr_Green\OneDrive\Desktop\0_Sum_25\INFO_523\0_Final_Proj_N\wav_files\_wav_grey_mel\Queen_We Will Rock You_gray.png
Red Velvet,Bad Boy,K-Pop,165.342443,2201956.5,2190356.5,1627167.5,D,220.88,0.075429496,-9.374622345,77.27449799,151.9990809,0.051626414,39,154,7,0,C:\Users\Mr_Green\OneDrive\Desktop\0_Sum_25\INFO_523\0_Final_Proj_N\wav_files\_wav_grey_mel\Red Velvet_Bad Boy_gray.png
Red Velvet,Peek-A-Boo,K-Pop,194.6314621,248884160.0,220553376.0,102523016.0,E,189.06,0.067211907,1.794594049,56.76211929,114.84375,0.274297237,39,155,7,4,C:\Users\Mr_Green\OneDrive\Desktop\0_Sum_25\INFO_523\0_Final_Proj_N\wav_files\_wav_grey_mel\Red Velvet_Peek-A-Boo_gray.png
Red Velvet,Psycho,K-Pop,174.3253063,431631552.0,296095488.0,163294960.0,C,215.08,0.061443208,8.638632774,49.48778915,139.6748311,0.354355007,39,156,7,8,C:\Users\Mr_Green\OneDrive\Desktop\0_Sum_25\INFO_523\0_Final_Proj_N\wav_files\_wav_grey_mel\Red Velvet_Psycho_gray.png
Red Velvet,Russian Roulette,K-Pop,255.3832372,3029538.25,1625541.75,1527530.125,A#,220.02,0.08927709,-10.37477589,79.04142761,129.1992188,0.055822514,39,157,7,6,C:\Users\Mr_Green\OneDrive\Desktop\0_Sum_25\INFO_523\0_Final_Proj_N\wav_files\_wav_grey_mel\Red Velvet_Russian Roulette_gray.png
SZA,Good Days,R&B/Soul,124.040058,61240884.0,53763968.0,50729308.0,E,280.02,0.042757031,1.406930089,66.86965179,117.4538352,0.183368385,31,123,6,4,C:\Users\Mr_Green\OneDrive\Desktop\0_Sum_25\INFO_523\0_Final_Proj_N\wav_files\_wav_grey_mel\SZA_Good Days_gray.png
SZA,Kill Bill,R&B/Soul,94.91893369,158520928.0,154868928.0,127121800.0,A#,155.52,0.038132921,2.242395878,64.98379517,89.10290948,0.27691415,31,121,6,6,C:\Users\Mr_Green\OneDrive\Desktop\0_Sum_25\INFO_523\0_Final_Proj_N\wav_files\_wav_grey_mel\SZA_Kill Bill_gray.png
SZA,Love Galore,R&B/Soul,123.6396937,143091920.0,88961392.0,64577268.0,C,275.32,0.047587954,-1.489854932,79.97221375,135.9991776,0.134544373,31,126,6,8,C:\Users\Mr_Green\OneDrive\Desktop\0_Sum_25\INFO_523\0_Final_Proj_N\wav_files\_wav_grey_mel\SZA_Love Galore_gray.png
SZA,The Weekend,R&B/Soul,188.7039179,122850272.0,75093288.0,44342116.0,D#,273.82,0.0625748,-8.685125351,79.05112457,101.3327206,0.123053513,31,124,6,11,C:\Users\Mr_Green\OneDrive\Desktop\0_Sum_25\INFO_523\0_Final_Proj_N\wav_files\_wav_grey_mel\SZA_The Weekend_gray.png
Sade,By Your Side,R&B/Soul,97.30412598,64080720.0,45698932.0,36239156.0,B,265.86,0.034526431,2.099658966,81.87214661,147.65625,0.118851252,34,136,6,2,C:\Users\Mr_Green\OneDrive\Desktop\0_Sum_25\INFO_523\0_Final_Proj_N\wav_files\_wav_grey_mel\Sade_By Your Side_gray.png
Sade,No Ordinary Love,R&B/Soul,106.0644413,61240952.0,32256006.0,27583438.0,B,241.06,0.038013956,-0.79617393,82.03650665,166.7086694,0.114966907,34,134,6,2,C:\Users\Mr_Green\OneDrive\Desktop\0_Sum_25\INFO_523\0_Final_Proj_N\wav_files\_wav_grey_mel\Sade_No Ordinary Love_gray.png
Sade,Smooth Operator,R&B/Soul,109.6158243,9456998.0,9112559.0,8632383.0,D,257.94,0.047214806,-4.835253716,80.25032043,120.1853198,0.094448224,34,131,6,0,C:\Users\Mr_Green\OneDrive\Desktop\0_Sum_25\INFO_523\0_Final_Proj_N\wav_files\_wav_grey_mel\Sade_Smooth Operator_gray.png
Sade,The Sweetest Taboo,R&B/Soul,95.80891003,27402216.0,21317248.0,19540292.0,G#,302.3399773,0.041679929,-1.352240682,82.90325928,123.046875,0.10912887,34,135,6,9,C:\Users\Mr_Green\OneDrive\Desktop\0_Sum_25\INFO_523\0_Final_Proj_N\wav_files\_wav_grey_mel\Sade_The Sweetest Taboo_gray.png
Soundgarden,Black Hole Sun,Rock,80.44201883,133897176.0,122741352.0,117293856.0,A#,320.08,0.071768488,8.361704826,54.19441605,107.6660156,0.233754456,15,56,2,6,C:\Users\Mr_Green\OneDrive\Desktop\0_Sum_25\INFO_523\0_Final_Proj_N\wav_files\_wav_grey_mel\Soundgarden_Black Hole Sun_gray.png
Soundgarden,Fell on Black Days,Rock,81.82900645,86493664.0,67895600.0,38113308.0,B,305.8399773,0.062412976,2.380139351,66.24126434,101.3327206,0.152383357,15,57,2,2,C:\Users\Mr_Green\OneDrive\Desktop\0_Sum_25\INFO_523\0_Final_Proj_N\wav_files\_wav_grey_mel\Soundgarden_Fell on Black Days_gray.png
Soundgarden,Outshined,Rock,85.17317284,71772912.0,71348872.0,70467272.0,D,249.14,0.076037427,7.678069115,50.68051147,95.703125,0.197621256,15,55,2,0,C:\Users\Mr_Green\OneDrive\Desktop\0_Sum_25\INFO_523\0_Final_Proj_N\wav_files\_wav_grey_mel\Soundgarden_Outshined_gray.png
Soundgarden,Spoonman,Rock,89.0294338,404913728.0,287758080.0,219296416.0,D,265.04,0.062191383,8.6410532,55.10704422,123.046875,0.278354585,15,54,2,0,C:\Users\Mr_Green\OneDrive\Desktop\0_Sum_25\INFO_523\0_Final_Proj_N\wav_files\_wav_grey_mel\Soundgarden_Spoonman_gray.png
Stone Sour,Absolute Zero,Hard Rock,78.24669944,99164376.0,86012112.0,78997592.0,G#,239.18,0.076232691,9.098779678,47.42163849,139.6748311,0.231876403,47,185,9,9,C:\Users\Mr_Green\OneDrive\Desktop\0_Sum_25\INFO_523\0_Final_Proj_N\wav_files\_wav_grey_mel\Stone Sour_Absolute Zero_gray.png
Stone Sour,Bother,Hard Rock,82.76770607,40875488.0,22057938.0,18192978.0,D#,245.76,0.039150173,-0.944161534,82.71186066,90.66611842,0.115361996,47,187,9,11,C:\Users\Mr_Green\OneDrive\Desktop\0_Sum_25\INFO_523\0_Final_Proj_N\wav_files\_wav_grey_mel\Stone Sour_Bother_gray.png
Stone Sour,Say You'll Haunt Me,Hard Rock,94.25676945,32208470.0,30686572.0,19848418.0,B,280.02,0.057236324,1.235577583,74.13756561,139.6748311,0.097069733,47,190,9,2,C:\Users\Mr_Green\OneDrive\Desktop\0_Sum_25\INFO_523\0_Final_Proj_N\wav_files\_wav_grey_mel\Stone Sour_Say You_ll Haunt Me_gray.png
Stone Sour,Through Glass,Hard Rock,155.585659,7237584.0,5696472.0,5243234.0,D#,257.54,0.056791228,-4.582660675,88.41678619,105.46875,0.068480812,47,186,9,11,C:\Users\Mr_Green\OneDrive\Desktop\0_Sum_25\INFO_523\0_Final_Proj_N\wav_files\_wav_grey_mel\Stone Sour_Through Glass_gray.png
Swedish House Mafia,Don't You Worry Child,EDM,154.0245138,72386288.0,63664792.0,24973534.0,A,334.92,0.080195236,-2.365446329,54.53739166,129.1992188,0.14608705,24,101,4,3,C:\Users\Mr_Green\OneDrive\Desktop\0_Sum_25\INFO_523\0_Final_Proj_N\wav_files\_wav_grey_mel\Swedish House Mafia_Don_t You Worry Child_gray.png
Swedish House Mafia,Miami 2 Ibiza,EDM,88.03933562,121343992.0,91467624.0,90803344.0,G,204.42,0.08093711,3.758358955,53.19564056,166.7086694,0.194073781,24,96,4,1,C:\Users\Mr_Green\OneDrive\Desktop\0_Sum_25\INFO_523\0_Final_Proj_N\wav_files\_wav_grey_mel\Swedish House Mafia_Miami 2 Ibiza_gray.png
Swedish House Mafia,One,EDM,243.1206838,492090560.0,336097824.0,266536704.0,A,351.46,0.068172582,3.682110786,57.72807312,83.35433468,0.258525401,24,104,4,3,C:\Users\Mr_Green\OneDrive\Desktop\0_Sum_25\INFO_523\0_Final_Proj_N\wav_files\_wav_grey_mel\Swedish House Mafia_One_gray.png
Swedish House Mafia,Save the World,EDM,146.5584906,35709408.0,27078480.0,20759190.0,C,215.6,0.074521878,-1.864923477,62.20576859,126.0480183,0.111770459,24,97,4,8,C:\Users\Mr_Green\OneDrive\Desktop\0_Sum_25\INFO_523\0_Final_Proj_N\wav_files\_wav_grey_mel\Swedish House Mafia_Save the World_gray.png
TWICE,Cheer Up,K-Pop,206.4845284,88051992.0,75787280.0,40727412.0,C#,212.54,0.067856984,4.714843273,50.58631516,172.265625,0.237747177,37,151,7,10,C:\Users\Mr_Green\OneDrive\Desktop\0_Sum_25\INFO_523\0_Final_Proj_N\wav_files\_wav_grey_mel\TWICE_Cheer Up_gray.png
TWICE,Fancy,K-Pop,154.4090496,16541261.0,15026229.0,12641737.0,A#,222.14,0.100557841,0.988020062,57.2098999,132.5120192,0.142596126,37,146,7,6,C:\Users\Mr_Green\OneDrive\Desktop\0_Sum_25\INFO_523\0_Final_Proj_N\wav_files\_wav_grey_mel\TWICE_Fancy_gray.png
TWICE,Feel Special,K-Pop,84.38091694,59806764.0,58658276.0,15191629.0,C#,210.28,0.061927504,1.229282618,65.86305237,129.1992188,0.114043571,37,147,7,10,C:\Users\Mr_Green\OneDrive\Desktop\0_Sum_25\INFO_523\0_Final_Proj_N\wav_files\_wav_grey_mel\TWICE_Feel Special_gray.png
TWICE,TT,K-Pop,87.01806689,40408360.0,31099970.0,16509092.0,G,217.74,0.049243197,-1.997307777,70.78074646,129.1992188,0.108219489,37,149,7,1,C:\Users\Mr_Green\OneDrive\Desktop\0_Sum_25\INFO_523\0_Final_Proj_N\wav_files\_wav_grey_mel\TWICE_TT_gray.png
Taylor Swift,All Too Well,Pop,86.63021248,277627296.0,261967296.0,243348816.0,C,330.14,0.041488401,7.494121075,61.3980751,92.28515625,0.253939122,3,19,0,8,C:\Users\Mr_Green\OneDrive\Desktop\0_Sum_25\INFO_523\0_Final_Proj_N\wav_files\_wav_grey_mel\Taylor Swift_All Too Well_gray.png
Taylor Swift,Exile,Pop,100.8550113,21327486.0,20850070.0,12192523.0,F#,286.64,0.036837903,-0.644638658,88.14087677,151.9990809,0.109646156,3,15,0,7,C:\Users\Mr_Green\OneDrive\Desktop\0_Sum_25\INFO_523\0_Final_Proj_N\wav_files\_wav_grey_mel\Taylor Swift_Exile_gray.png
Taylor Swift,Love Story,Pop,104.880053,1364427.75,1155131.0,954036.1875,A,236.52,0.074825572,-9.496644974,96.65364075,120.1853198,0.028120864,3,12,0,3,C:\Users\Mr_Green\OneDrive\Desktop\0_Sum_25\INFO_523\0_Final_Proj_N\wav_files\_wav_grey_mel\Taylor Swift_Love Story_gray.png
Taylor Swift,Shake It Off,Pop,154.9019432,217394512.0,184347776.0,75149232.0,G,241.6,0.074974917,2.806482077,59.14242554,161.4990234,0.234192237,3,14,0,1,C:\Users\Mr_Green\OneDrive\Desktop\0_Sum_25\INFO_523\0_Final_Proj_N\wav_files\_wav_grey_mel\Taylor Swift_Shake It Off_gray.png
The Weeknd,Blinding Lights,R&B/Soul,88.47420665,183825792.0,134723328.0,90928680.0,F,262.52,0.042365028,6.655835629,65.38066101,86.1328125,0.208272636,30,115,6,5,C:\Users\Mr_Green\OneDrive\Desktop\0_Sum_25\INFO_523\0_Final_Proj_N\wav_files\_wav_grey_mel\The Weeknd_Blinding Lights_gray.png
The Weeknd,Can't Feel My Face,R&B/Soul,106.4380373,147597472.0,117289520.0,99839232.0,A,218.46,0.049248835,6.09804821,61.21115112,107.6660156,0.235367462,30,118,6,3,C:\Users\Mr_Green\OneDrive\Desktop\0_Sum_25\INFO_523\0_Final_Proj_N\wav_files\_wav_grey_mel\The Weeknd_Can_t Feel My Face_gray.png
The Weeknd,Save Your Tears,R&B/Soul,111.6006902,167306336.0,131920952.0,108375632.0,E,248.94,0.050405714,3.052253246,63.13923264,117.4538352,0.206255749,30,119,6,4,C:\Users\Mr_Green\OneDrive\Desktop\0_Sum_25\INFO_523\0_Final_Proj_N\wav_files\_wav_grey_mel\The Weeknd_Save Your Tears_gray.png
The Weeknd,Starboy,R&B/Soul,137.4056681,661818112.0,628505472.0,131433768.0,A,273.2799773,0.028132501,7.216807365,64.31562042,123.046875,0.314228147,30,120,6,3,C:\Users\Mr_Green\OneDrive\Desktop\0_Sum_25\INFO_523\0_Final_Proj_N\wav_files\_wav_grey_mel\The Weeknd_Starboy_gray.png
Tiësto,Adagio for Strings,EDM,128.9600392,10368679.0,8680779.0,7027216.0,A,205.82,0.081127401,-2.472874403,64.37412262,143.5546875,0.081980556,23,94,4,3,C:\Users\Mr_Green\OneDrive\Desktop\0_Sum_25\INFO_523\0_Final_Proj_N\wav_files\_wav_grey_mel\Tiësto_Adagio for Strings_gray.png
Tiësto,Jackie Chan,EDM,112.7552812,146521792.0,145560160.0,48739076.0,G#,216.54,0.068216885,4.819923401,50.97066498,129.1992188,0.297051191,23,95,4,9,C:\Users\Mr_Green\OneDrive\Desktop\0_Sum_25\INFO_523\0_Final_Proj_N\wav_files\_wav_grey_mel\Tiësto_Jackie Chan_gray.png
Tiësto,Red Lights,EDM,142.9674379,186805632.0,159678928.0,65582420.0,A#,201.6,0.07651377,4.879548073,52.27693558,126.0480183,0.219189525,23,91,4,6,C:\Users\Mr_Green\OneDrive\Desktop\0_Sum_25\INFO_523\0_Final_Proj_N\wav_files\_wav_grey_mel\Tiësto_Red Lights_gray.png
Tiësto,The Business,EDM,97.88732012,176846928.0,147047920.0,59989504.0,G#,191.92,0.038954748,0.540204823,79.80394745,120.1853198,0.190445766,23,93,4,9,C:\Users\Mr_Green\OneDrive\Desktop\0_Sum_25\INFO_523\0_Final_Proj_N\wav_files\_wav_grey_mel\Tiësto_The Business_gray.png
Volbeat,Lola Montez,Hard Rock,162.0479739,120897200.0,113195832.0,102587696.0,D,266.8,0.069418313,8.092530251,53.0739975,151.9990809,0.22738415,49,196,9,0,C:\Users\Mr_Green\OneDrive\Desktop\0_Sum_25\INFO_523\0_Final_Proj_N\wav_files\_wav_grey_mel\Volbeat_Lola Montez_gray.png
Volbeat,Sad Man's Tongue,Hard Rock,230.4200105,6194450.0,5828458.5,3706809.5,D,188.74,0.075464608,-1.941276312,81.10124207,109.9567819,0.061312634,49,194,9,0,C:\Users\Mr_Green\OneDrive\Desktop\0_Sum_25\INFO_523\0_Final_Proj_N\wav_files\_wav_grey_mel\Volbeat_Sad Man_s Tongue_gray.png
Volbeat,Still Counting,Hard Rock,98.11510614,184213792.0,176877840.0,140256576.0,D,261.82,0.062343136,10.36073589,52.41827393,105.46875,0.320090234,49,195,9,0,C:\Users\Mr_Green\OneDrive\Desktop\0_Sum_25\INFO_523\0_Final_Proj_N\wav_files\_wav_grey_mel\Volbeat_Still Counting_gray.png
Volbeat,The Devil's Bleeding Crown,Hard Rock,437.8205368,218036128.0,99032328.0,92481200.0,B,236.52,0.067082026,9.199530602,54.15472794,147.65625,0.231941715,49,198,9,2,C:\Users\Mr_Green\OneDrive\Desktop\0_Sum_25\INFO_523\0_Final_Proj_N\wav_files\_wav_grey_mel\Volbeat_The Devil_s Bleeding Crown_gray.png
